name,locus,annot,period_WT,period_toc1,dperiod,rev_nugap,rev_within,rev_r2_WT,rev_r2_toc1
247949_at,AT5G57220,"CYP81F2 (cytochrome P450, family 81, subfamily F, polypeptide 2); oxygen binding",23.5,23.0,-0.5,0.013184077424189488,0.1607026887757297,0.7142786539247541,0.6699425836845455
261718_at,AT1G18390,protein kinase family protein,23.25,22.5,-0.75,0.01602718597688689,0.15697440294056933,0.6838441532256049,0.687378410957139
247478_at,AT5G62360,invertase/pectin methylesterase inhibitor family protein,24.0,22.0,-2.0,0.021048737183863644,0.2120341435320355,0.62225518905902,0.6616040425717186
249769_at,AT5G24120,SIGE (RNA polymerase sigma subunit E); DNA binding / DNA-directed RNA polymerase/ sigma factor/ transcription factor,24.0,21.5,-2.5,0.021464365949644244,0.14904463587805522,0.6031616279530237,0.5696401819764286
253425_at,AT4G32190,centromeric protein-related,23.25,20.75,-2.5,0.0221485217723783,0.05915575648657871,0.6354304326223921,0.7221411909361357
259927_at,AT1G75100,JAC1 (J-DOMAIN PROTEIN REQUIRED FOR CHLOROPLAST ACCUMULATION RESPONSE 1); heat shock protein binding,23.0,21.25,-1.75,0.02460495947936225,0.09082614553561838,0.6086922996358752,0.7863145166675655
248169_at,AT5G54610,ANK (ANKYRIN); protein binding,24.75,21.75,-3.0,0.02748280066441764,0.06663297760274135,0.7069893015948253,0.7508827858656453
247706_at,AT5G59480,haloacid dehalogenase-like hydrolase family protein,24.5,21.25,-3.25,0.02767376993324196,0.08062465346098283,0.6848324403180294,0.7595781932912946
245346_at,AT4G17090,"CT-BMY (BETA-AMYLASE 3, BETA-AMYLASE 8); beta-amylase",24.25,21.75,-2.5,0.027829227108110834,0.21846621958256413,0.671026323124688,0.7907651049515579
267063_at,AT2G41120,similar to unnamed protein product [Vitis vinifera] (GB:CAO18305.1); contains InterPro domain Protein of unknown function DUF309 (InterPro:IPR005500),23.25,21.25,-2.0,0.029328376332283662,0.061683057318345405,0.5800449749554035,0.7673370822076884
260603_at,AT1G55960,similar to unknown protein [Arabidopsis thaliana] (TAIR:AT3G13062.2); similar to unknown protein [Arabidopsis thaliana] (TAIR:AT3G13062.1); similar to unnamed protein product [Vitis vinifera] (GB:CAO41766.1); contains InterPro domain Lipid-binding START (InterPro:IPR002913),24.0,20.75,-3.25,0.029634149425129524,0.16249820545308302,0.6067582772277023,0.7830898209478568
265480_at,AT2G15970,COR413-PM1 (cold regulated 413 plasma membrane 1),23.25,20.25,-3.0,0.029657774534437516,0.17564272290004543,0.6124916906519848,0.503140586676992
265182_at,AT1G23740,"oxidoreductase, zinc-binding dehydrogenase family protein",23.0,21.25,-1.75,0.03079543933843119,0.049555792785547975,0.6475145912523357,0.8137235608382303
262609_at,AT1G13930,similar to nodulin-related [Arabidopsis thaliana] (TAIR:AT2G03440.1); similar to hypothetical protein [Vitis vinifera] (GB:CAN63832.1),23.5,21.75,-1.75,0.03144114811344396,0.1213588434189244,0.5750031222133353,0.5498639093816013
248191_at,AT5G54130,calcium-binding EF hand family protein,24.0,21.5,-2.5,0.0318913265253454,0.14770714120240738,0.6865373769925858,0.6249012476624975
252885_at,AT4G39260,"ATGRP8/GR-RBP8 (COLD, CIRCADIAN RHYTHM, AND RNA BINDING 1, GLYCINE-RICH PROTEIN 8); RNA binding",23.5,21.75,-1.75,0.03299977754532712,0.19075624877493558,0.6881290782229867,0.7935365330894406
249719_at,AT5G35735,auxin-responsive family protein,23.5,21.5,-2.0,0.033132619751465614,0.23326760489690002,0.6445244795389813,0.7468699210030074
256020_at,AT1G58290,HEMA1; glutamyl-tRNA reductase,23.0,20.5,-2.5,0.03338636438937483,0.16284191408699608,0.6099918646102553,0.6314892123490196
258332_at,AT3G16180,proton-dependent oligopeptide transport (POT) family protein,23.25,22.75,-0.5,0.03562018693109541,0.14717525958660754,0.5942513847056305,0.5448972808997922
259856_at,AT1G68440,similar to unknown protein [Arabidopsis thaliana] (TAIR:AT1G25400.1); similar to unnamed protein product [Vitis vinifera] (GB:CAO42150.1),24.0,21.0,-3.0,0.03622510170918741,0.16512411205513616,0.8007662154505153,0.7837985361188327
247867_at,AT5G57630,CIPK21 (CBL-INTERACTING PROTEIN KINASE 21); kinase,23.5,21.75,-1.75,0.037598029670096345,0.09644090348358067,0.5358302464260076,0.6094310780657508
261958_at,AT1G64500,glutaredoxin family protein,24.25,21.0,-3.25,0.03865468550715644,0.1411371771303827,0.6746537635258214,0.7872536409158932
265481_at,AT2G15960,unknown protein,24.0,21.5,-2.5,0.03966313111217398,0.11780394838218664,0.5378373496382872,0.57332065784229
250971_at,AT5G02810,PRR7 (PSEUDO-RESPONSE REGULATOR 7); transcription regulator,24.75,21.5,-3.25,0.04242417444497306,0.14030647163411983,0.5284676504498231,0.5404367953030753
245936_at,AT5G19850,"hydrolase, alpha/beta fold family protein",24.25,21.0,-3.25,0.04359106514323933,0.0892719437035302,0.5540269131782951,0.6475055416139248
257876_at,AT3G17130,invertase/pectin methylesterase inhibitor family protein,24.25,20.75,-3.5,0.043991444332340576,0.11567634784354772,0.6431754187014402,0.7917537581550442
260137_at,AT1G66330,senescence-associated family protein,24.25,21.0,-3.25,0.044077381054638286,0.1823900610243548,0.612876352356867,0.8278174271919643
256861_at,AT3G23920,BAM1/BMY7/TR-BAMY (BETA-AMYLASE 1); beta-amylase,24.5,22.25,-2.25,0.04407942632019338,0.211669667279403,0.6503398337821082,0.7255053775397197
259460_at,AT1G44000,similar to unknown protein [Arabidopsis thaliana] (TAIR:AT4G11911.1); similar to hypothetical protein [Vitis vinifera] (GB:CAN81476.1),23.0,21.25,-1.75,0.04564836947684499,0.11314006188569664,0.713882874127866,0.8943424915808392
264211_at,AT1G22770,GI (GIGANTEA); binding,24.5,21.25,-3.25,0.04617767767468259,0.07050934173989983,0.6578373768307268,0.6170815044605478
265790_at,AT2G01170,amino acid permease family protein,23.75,21.25,-2.5,0.0477997201029375,0.20055930687330323,0.6781508532728979,0.7096791632906934
250257_at,AT5G13770,pentatricopeptide (PPR) repeat-containing protein,23.0,22.0,-1.0,0.05057354191581442,0.07832559109824049,0.7159151554717176,0.8674179649263188
261937_at,AT1G22570,proton-dependent oligopeptide transport (POT) family protein,23.75,21.75,-2.0,0.05064032694778817,0.11939040147642746,0.643914282381052,0.7565979473800976
264271_at,AT1G60270,"pseudogene, glycosyl hydrolase family 1, contains Pfam PF00232 : Glycosyl hydrolase family 1 domain; TIGRFAM TIGR01233: 6-phospho-beta-galactosidase; similar to hydroxyisourate hydrolase (GI:19569603) (Glycine max); blastp match of 57% identity and 2.8e-127 P-value to GP|12746303|gb|AAK07429.1|AF321287_1|AF321287 beta-glucosidase {Musa acuminata}",24.0,22.0,-2.0,0.0530549371397202,0.2008024610138837,0.5352796976223475,0.5239683694830788
248080_at,AT5G55380,membrane bound O-acyl transferase (MBOAT) family protein / wax synthase-related,23.75,21.0,-2.75,0.05350583160235334,0.0706456614085264,0.5648756606430856,0.7361897655295364
251727_at,AT3G56290,similar to hypothetical protein [Vitis vinifera] (GB:CAN75527.1),24.25,21.0,-3.25,0.0539538704303653,0.09200884377990327,0.6784512909361045,0.8071030828641852
262526_at,AT1G17050,SPS2 (SOLANESYL DIPHOSPHATE SYNTHASE 2); dimethylallyltranstransferase/ trans-octaprenyltranstransferase,23.75,21.0,-2.75,0.05420692082379259,0.1392267657290333,0.6655498447333841,0.7932378555530828
246523_at,AT5G15850,COL1 (CONSTANS-LIKE 1); transcription factor/ zinc ion binding,24.25,21.75,-2.5,0.055426258550441525,0.14124322726016694,0.6398423878617054,0.6451506141726034
254020_at,AT4G25700,BETA-OHASE 1 (BETA-HYDROXYLASE 1); beta-carotene hydroxylase,23.5,21.0,-2.5,0.056483593738394386,0.16411058376102586,0.7229271778048154,0.795064224181746
258181_at,AT3G21670,nitrate transporter (NTP3),23.5,21.5,-2.0,0.05692740070846339,0.14236873033231975,0.7931748025146815,0.8738582449902627
249741_at,AT5G24470,APRR5 (PSEUDO-RESPONSE REGULATOR 5); transcription regulator,23.75,21.75,-2.0,0.06157331880160106,0.056814132637635094,0.610088513747326,0.7019446343251989
249191_at,AT5G42760,"similar to unknown [Populus trichocarpa] (GB:ABK95091.1); contains InterPro domain O-methyltransferase, N-terminal (InterPro:IPR003455); contains InterPro domain Conserved hypothetical protein CHP00027,  methylltransferase (InterPro:IPR011610)",23.75,21.25,-2.5,0.06229388511146856,0.06163676223877685,0.7586109280074727,0.8818285457105833
245052_at,AT2G26440,pectinesterase family protein,23.5,22.0,-1.5,0.062307894626921094,0.1457803067755217,0.7220696444857655,0.704695399825533
253394_at,AT4G32770,VTE1 (VITAMIN E DEFICIENT 1),23.75,21.0,-2.75,0.06259323831243059,0.1669354315541278,0.5992885204088809,0.6788104185765472
263122_at,AT1G78510,SPS1 (SOLANESYL DIPHOSPHATE SYNTHASE 1); dimethylallyltranstransferase/ trans-octaprenyltranstransferase,24.0,22.0,-2.0,0.06491979144071287,0.07419285043126206,0.7160661598177929,0.8709976824927087
257311_at,AT3G26570,PHT2;1 (phosphate transporter 2;1),22.75,21.0,-1.75,0.06529499839500802,0.16292946223223648,0.6151805379700017,0.8270884139602429
253374_at,AT4G33140,similar to unnamed protein product [Vitis vinifera] (GB:CAO65164.1); contains domain SSF56784 (SSF56784); contains domain PD105831 (PD105831),24.5,23.0,-1.5,0.06790256929364331,0.15253525017201236,0.5881140141481588,0.8021630014351165
254874_at,AT4G11570,haloacid dehalogenase-like hydrolase family protein,23.0,21.5,-1.5,0.06968288962930187,0.14893429145414622,0.5866341091859841,0.6481400099833673
253048_at,AT4G37560,"formamidase, putative / formamide amidohydrolase, putative",24.5,22.0,-2.5,0.07024351928336554,0.11751513042942857,0.7243970895017905,0.9606179836284094
253943_at,AT4G27030,small conjugating protein ligase,23.5,20.75,-2.75,0.07102462688149905,0.0790042595043435,0.7245133360904421,0.8614830293042028
246831_at,AT5G26340,MSS1 (SUGAR TRANSPORT PROTEIN 13); carbohydrate transmembrane transporter/ hexose:hydrogen symporter/ high-affinity hydrogen:glucose symporter/ sugar:hydrogen ion symporter,23.25,21.25,-2.0,0.07480033315725526,0.2569001183361478,0.5813649968599407,0.6625892297680984
266391_at,AT2G41290,strictosidine synthase family protein,24.0,21.25,-2.75,0.07494476555280677,0.09431135343326441,0.6068646862355077,0.7459618752521764
260412_at,AT1G69830,AMY3/ATAMY3 (ALPHA-AMYLASE-LIKE 3); alpha-amylase,24.0,21.0,-3.0,0.07532150546696861,0.2599170279429673,0.5871503752207818,0.6040056652883621
252956_at,AT4G38580,ATFP6 (FARNESYLATED PROTEIN 6); metal ion binding,23.5,22.0,-1.5,0.07818138776184104,0.03133118394876617,0.6198559084601059,0.7137732336152921
253814_at,AT4G28290,unknown protein,23.0,19.75,-3.25,0.0787790454559948,0.0719936517580515,0.7482242029175056,0.6209594259493885
252411_at,AT3G47430,PEX11B,24.0,21.75,-2.25,0.07887042687934899,0.13059428038500226,0.7937162720584284,0.95353299629771
255980_at,AT1G33970,"avirulence-responsive protein, putative / avirulence induced gene protein, putative / AIG protein, putative",23.5,21.75,-1.75,0.07955684066515599,0.1161531150630687,0.683248050619209,0.77340081743775
259303_at,AT3G05130,similar to unknown protein [Arabidopsis thaliana] (TAIR:AT5G27330.1); similar to unnamed protein product [Vitis vinifera] (GB:CAO68600.1); contains InterPro domain Prefoldin (InterPro:IPR009053),25.75,22.75,-3.0,0.07976768399530489,0.2336435690488351,0.5177845981223834,0.5702803521193929
261319_at,AT1G53090,SPA4 (SPA1-RELATED 4); signal transducer,24.75,21.5,-3.25,0.07986810481054174,0.1427434735217109,0.6628717547782832,0.8806661818702538
250926_at,AT5G03555,"permease, cytosine/purines, uracil, thiamine, allantoin family protein",24.25,21.25,-3.0,0.0807573260630013,0.21372627827646906,0.6732690652126101,0.7989124296952274
252123_at,AT3G51240,F3H (TRANSPARENT TESTA 6); naringenin 3-dioxygenase,25.25,22.0,-3.25,0.08109845345707306,0.08442383535714987,0.5555343727343228,0.8330995843322063
245866_s_at,AT1G57990;AT1G57980,"[AT1G57990, ATPUP18 (Arabidopsis thaliana purine permease 18); purine transmembrane transporter];[AT1G57980, purine permease-related]",25.0,23.25,-1.75,0.0816426034425552,0.52530684484927,0.575522993681171,0.7009277736430143
263128_at,AT1G78600,zinc finger (B-box type) family protein,23.75,22.25,-1.5,0.0825779851976911,0.08004627138321707,0.6662171571475735,0.8195662270917903
260671_at,AT1G19310,zinc finger (C3HC4-type RING finger) family protein,23.5,21.75,-1.75,0.08305492138119712,0.20705791857010875,0.6468421857542317,0.6093393083060852
262879_at,AT1G64860,SIGA (SIGMA FACTOR A); DNA binding / DNA-directed RNA polymerase/ transcription factor,23.5,21.5,-2.0,0.08378772606324009,0.049629585272164954,0.6188223769820291,0.7230464575962343
267523_at,AT2G30600,BTB/POZ domain-containing protein,24.25,22.25,-2.0,0.08381356899419719,0.1129103115401362,0.6377867281813816,0.805722666103243
266717_at,AT2G46735,unknown protein,24.0,21.75,-2.25,0.08412789816983818,0.06403572103837407,0.7204563174036371,0.8262445079634475
254145_at,AT4G24700,unknown protein,23.75,21.75,-2.0,0.0846629698677605,0.052772191917783096,0.7552037954333984,0.9120139503117386
250794_at,AT5G05270,chalcone-flavanone isomerase family protein,25.75,21.75,-4.0,0.0851481323821611,0.09032983641319353,0.5554530099872128,0.8341088289940641
254563_at,AT4G19120,ERD3 (EARLY-RESPONSIVE TO DEHYDRATION 3),23.5,21.5,-2.0,0.08550232240778191,0.10082700503465271,0.5702075431997983,0.7665121955760333
265939_at,AT2G19650,DC1 domain-containing protein,23.75,22.0,-1.75,0.08676648502321495,0.09948920410660536,0.5883578567603603,0.699565543407987
248759_at,AT5G47610,zinc finger (C3HC4-type RING finger) family protein,24.25,21.0,-3.25,0.08678711524910711,0.13871564909303108,0.7348703193785544,0.8789633171488174
259841_at,AT1G52200,similar to unknown protein [Arabidopsis thaliana] (TAIR:AT3G18470.1); similar to unnamed protein product [Vitis vinifera] (GB:CAO45876.1); contains InterPro domain Protein of unknown function Cys-rich (InterPro:IPR006461),22.75,22.25,-0.5,0.08691078708547971,0.04746659026757316,0.7360679535296195,0.8495468113109763
247222_at,AT5G64840,ATGCN5 (Arabidopsis thaliana general control non-repressible 5),23.5,21.5,-2.0,0.08730212518922077,0.07570072873341291,0.5831368650688818,0.6435409353645474
259348_at,AT3G03770,"leucine-rich repeat transmembrane protein kinase, putative",23.25,22.25,-1.0,0.0886368921387312,0.029129930438785444,0.7307291836202511,0.9085071763187637
257794_at,AT3G27050,similar to unnamed protein product [Vitis vinifera] (GB:CAO49017.1),23.0,20.5,-2.5,0.08890308086333683,0.1384519921887752,0.5912098542957351,0.5170219929622266
255088_at,AT4G09350,DNAJ heat shock N-terminal domain-containing protein,24.0,23.0,-1.0,0.08955237917490456,0.11833134533505846,0.7333741136723743,0.7279431011453805
256894_at,AT3G21870,CYCP2;1 (cyclin p2;1); cyclin-dependent protein kinase,24.25,21.75,-2.5,0.08965114867945378,0.09114932033385326,0.76260708315535,0.9447591176177046
261226_at,AT1G20190,ATEXPA11 (ARABIDOPSIS THALIANA EXPANSIN A11),23.5,23.5,0.0,0.09031243710902294,0.3849109620131871,0.6160255831236092,0.6054580252757612
248377_at,AT5G51720,similar to Os07g0467200 [Oryza sativa (japonica cultivar-group)] (GB:NP_001059590.1); similar to hypothetical protein OsI_025030 [Oryza sativa (indica cultivar-group)] (GB:EAZ03798.1); contains domain PTHR13680 (PTHR13680); contains domain PTHR13680:SF1 (PTHR13680:SF1),22.75,20.5,-2.25,0.09184752382376188,0.1159237808408925,0.6888755284984913,0.5998100738951007
259968_at,AT1G76530,auxin efflux carrier family protein,24.5,21.75,-2.75,0.0923639453847542,0.17789130849555285,0.6900254504628089,0.9100861343105844
261804_at,AT1G30530,UDP-glucoronosyl/UDP-glucosyl transferase family protein,25.0,21.75,-3.25,0.09580678958034415,0.09291029166019064,0.5537583725658937,0.8743743061674767
253989_at,AT4G26130,similar to unknown protein [Arabidopsis thaliana] (TAIR:AT5G56980.1); similar to hypothetical protein [Vitis vinifera] (GB:CAN72576.1),24.0,21.25,-2.75,0.09631303539106767,0.06178534761935438,0.6191997620341837,0.7397791865719865
264636_at,AT1G65490,similar to unknown protein [Arabidopsis thaliana] (TAIR:AT1G65486.1),23.5,22.0,-1.5,0.09907259809562748,0.10931909234656452,0.7328819655137764,0.9399145081227636
250099_at,AT5G17300,myb family transcription factor,23.5,20.75,-2.75,0.1007465667550596,0.12420583106117203,0.7504785402062492,0.8935279395016742
261031_at,AT1G17360,COP1-interacting protein-related,22.5,23.0,0.5,0.10200283247225918,0.21820226680174604,0.7138174177672293,0.8492721106524685
256379_at,AT1G66840,"Identical to Protein PLASTID MOVEMENT IMPAIRED 2 (PMI2) [Arabidopsis Thaliana] (GB:Q9C9N6); similar to PMI15 (plastid movement impaired 15) [Arabidopsis thaliana] (TAIR:AT5G38150.1); similar to hypothetical protein [Vitis vinifera] (GB:CAN79831.1); contains InterPro domain Protein of unknown function DUF827, plant (InterPro:IPR008545)",23.25,23.0,-0.25,0.10267866459908144,0.1535260969217216,0.665934389907715,0.6982179396754578
259803_at,AT1G72150,PATL1 (PATELLIN 1); transporter,23.5,21.75,-1.75,0.10423464573832433,0.19078972906739167,0.6143023106914409,0.5578096941105585
246468_at,AT5G17050,UDP-glucoronosyl/UDP-glucosyl transferase family protein,25.0,22.75,-2.25,0.10448660450631411,0.12158423293012104,0.5277535263834539,0.768958769758255
247467_at,AT5G62130,Per1-like protein-related,23.5,22.5,-1.0,0.10457240926201179,0.196373997090676,0.7428170251110453,0.8558101049792501
249128_at,AT5G43440,"2-oxoglutarate-dependent dioxygenase, putative",23.5,21.25,-2.25,0.1047116799092251,0.1862782550344776,0.6034200229308133,0.728113820527466
250007_at,AT5G18670,BMY3 (BETA-AMYLASE 9); beta-amylase,23.75,21.0,-2.75,0.10506557075574098,0.10090869190467167,0.7050246787192936,0.8516178200375482
264692_at,AT1G70000,DNA-binding family protein,24.25,21.25,-3.0,0.10657078894993788,0.09899379711921072,0.6686439027691448,0.9210072016286619
256548_at,AT3G14770,nodulin MtN3 family protein,24.0,20.25,-3.75,0.10694642532386778,0.41118995931954494,0.6401834165862921,0.6822632190458049
253922_at,AT4G26850,VTC2 (VITAMIN C DEFECTIVE 2),24.75,22.0,-2.75,0.10800556922431442,0.02589456727772705,0.6919501521655111,0.9036528437972277
253581_at,AT4G30660,"hydrophobic protein, putative / low temperature and salt responsive protein, putative",24.0,20.75,-3.25,0.10822560967209005,0.15818577468382256,0.6349332607009868,0.5522464071019988
261832_at,AT1G10650,protein binding / zinc ion binding,23.75,23.0,-0.75,0.10951716623403464,0.16686278604143853,0.7065502182913359,0.8903591061866867
262826_at,AT1G13080,CYP71B2 (CYTOCHROME P450 71B2); oxygen binding,22.75,21.0,-1.75,0.11001595534558531,0.09042029003912555,0.5433849104155719,0.5531818391149341
255694_at,AT4G00050,UNE10 (unfertilized embryo sac 10); DNA binding / transcription factor,24.75,21.5,-3.25,0.11033301896434133,0.0658104010043862,0.5975562175355125,0.8609004325510963
251110_at,AT5G01260,glycoside hydrolase starch-binding domain-containing protein,24.5,22.0,-2.5,0.11050878278338516,0.05591320373693393,0.6227098637589428,0.908761943212692
247013_at,AT5G67480,BT4 (BTB AND TAZ DOMAIN PROTEIN 4); protein binding / transcription regulator,23.75,21.5,-2.25,0.11161890837413185,0.22378567048536915,0.5476980593245677,0.5775985880240155
264001_at,AT2G22420,peroxidase 17 (PER17) (P17),24.5,22.25,-2.25,0.11448020906237345,0.20419177865325716,0.5675759771209712,0.7409794573001545
265665_at,AT2G27420,"cysteine proteinase, putative",23.75,21.5,-2.25,0.1155216935459645,0.11151268804411997,0.7430229942144662,0.784027438442668
245038_at,AT2G26560,PLP2 (PHOSPHOLIPASE A 2A); nutrient reservoir,23.25,22.75,-0.5,0.11561636444673147,0.08916636246592163,0.6568337966193877,0.8039292788092085
248793_at,AT5G47240,ATNUDT8 (Arabidopsis thaliana Nudix hydrolase homolog 8); hydrolase,23.25,21.75,-1.5,0.11760839680908992,0.13010321996783655,0.5854352353656801,0.5534011105097789
246069_at,AT5G20220,zinc knuckle (CCHC-type) family protein,24.0,21.25,-2.75,0.12042432197947789,0.09041112027086853,0.6731506324420344,0.8291178954678643
267361_at,AT2G39920,acid phosphatase class B family protein,25.0,21.25,-3.75,0.1209149891182998,0.15077696963786005,0.5293370142584573,0.7288821641486329
258621_at,AT3G02830,ZFN1 (ZINC FINGER PROTEIN 1); nucleic acid binding,24.0,22.25,-1.75,0.12098398169056579,0.05424963342639043,0.7052502580503756,0.92792353277505
250666_at,AT5G07100,WRKY26 (WRKY DNA-binding protein 26); transcription factor,23.25,22.0,-1.25,0.12195130857845454,0.19054218699625408,0.6628891913721837,0.7718044619460616
247977_at,AT5G56850,similar to unknown [Populus trichocarpa x Populus deltoides] (GB:ABK96358.1),23.0,23.25,0.25,0.12241357983313002,0.31930453349596094,0.5350819115160814,0.7834724017469318
252011_at,AT3G52720,carbonic anhydrase family protein,24.5,23.0,-1.5,0.12387406987146958,0.12206781171894894,0.6752906109902735,0.8484352822519505
245479_at,AT4G16140,proline-rich family protein,23.75,23.5,-0.25,0.12482321829418563,0.15778022937014965,0.5818163273301508,0.8129033820011947
256627_at,AT3G19970,"similar to unknown protein [Arabidopsis thaliana] (TAIR:AT2G18245.1); similar to unnamed protein product [Vitis vinifera] (GB:CAO66476.1); contains InterPro domain Protein of unknown function DUF829, eukaryotic (InterPro:IPR008547)",25.75,21.75,-4.0,0.12700286069917274,0.16412063754512848,0.6510342807656075,0.7772397246991661
265990_at,AT2G24280,serine carboxypeptidase S28 family protein,23.25,22.5,-0.75,0.1286179243313155,0.14713926212254744,0.7942106795933362,0.9153850241107288
267115_s_at,AT2G32540;AT2G32530,"[AT2G32540, ATCSLB04 (Cellulose synthase-like B4); transferase/ transferase, transferring glycosyl groups];[AT2G32530, ATCSLB03 (Cellulose synthase-like B3); transferase/ transferase, transferring glycosyl groups]",23.75,21.0,-2.75,0.12863813125191634,0.16257643933887175,0.6737630909841489,0.8886495709451581
254835_s_at,AT4G12320;AT4G12310,"[AT4G12320, CYP706A6 (cytochrome P450, family 706, subfamily A, polypeptide 6); oxygen binding];[AT4G12310, CYP706A5 (cytochrome P450, family 706, subfamily A, polypeptide 5); oxygen binding]",24.0,22.75,-1.25,0.12972265323730472,0.33580741346152143,0.5371824717877051,0.8393057067292959
254328_at,AT4G22570,APT3 (ADENINE PHOSPHORIBOSYL TRANSFERASE 3); adenine phosphoribosyltransferase,23.5,21.0,-2.5,0.1314618073895224,0.2352529064402326,0.5309025602891488,0.576604146172029
246021_at,AT5G21100,"L-ascorbate oxidase, putative",23.0,23.0,0.0,0.13354568013273305,0.34607794945274595,0.5790153681681508,0.7198584237182327
252911_at,AT4G39510,"CYP96A12 (cytochrome P450, family 96, subfamily A, polypeptide 12); oxygen binding",23.0,22.5,-0.5,0.13659150377571924,0.15419493179392632,0.5240178242076795,0.6643913916278914
260308_at,AT1G70610,"ATTAP1 (Arabidopsis thaliana transporter associated with antigen processing protein 1); ATPase, coupled to transmembrane movement of substances",23.75,21.25,-2.5,0.14164409480106036,0.048421217876548434,0.7105068316170412,0.7842496290002691
261230_at,AT1G20010,TUB5 (tubulin beta-5 chain),24.0,21.75,-2.25,0.14170884010478182,0.14419910355408944,0.6378252120228329,0.7982634469883125
253039_at,AT4G37760,SQE3 (SQUALENE EPOXIDASE 3); oxidoreductase,23.75,21.25,-2.5,0.14291942744830707,0.17496945933085822,0.5020848122676874,0.5258964047903019
263412_at,AT2G28720,"histone H2B, putative",24.75,21.25,-3.5,0.14306986309031608,0.18832728342244764,0.5389423181776696,0.8008613107924559
247486_at,AT5G62140,similar to unknown [Populus trichocarpa] (GB:ABK94834.1),24.25,22.75,-1.5,0.14504829223355278,0.19903554473140153,0.6285789963588981,0.8326717154579869
262875_at,AT1G64970,G-TMT (GAMMA-TOCOPHEROL METHYLTRANSFERASE),24.5,23.0,-1.5,0.14937326088858546,0.14391015492360382,0.6349492865624642,0.7876717487856977
254305_at,AT4G22200,AKT2 (Arabidopsis K+ transporter 2); cyclic nucleotide binding / inward rectifier potassium channel,23.5,23.0,-0.5,0.15003460973373597,0.16866699168758956,0.7820894969515294,0.9155913843454935
267524_at,AT2G30600,BTB/POZ domain-containing protein,24.75,22.25,-2.5,0.1510846771451835,0.0896558072599126,0.578287653051447,0.8717600581253515
260489_at,AT1G51610,"cation efflux family protein / metal tolerance protein, putative (MTPc4)",25.0,21.75,-3.25,0.15257685173448376,0.06746393996895893,0.5074636588418291,0.822305193731378
259922_at,AT1G72770,HAB1 (HOMOLOGY TO ABI1); protein serine/threonine phosphatase,24.5,22.25,-2.25,0.1530585817733572,0.19228191261034588,0.7745989487146916,0.828478600041054
265892_at,AT2G15020,similar to unknown protein [Arabidopsis thaliana] (TAIR:AT5G64190.1); similar to hypothetical protein [Vitis vinifera] (GB:CAN67723.1),23.75,21.75,-2.0,0.15355632207078268,0.12624101622007008,0.7420885520671804,0.7031782846170254
261907_at,AT1G65060,4CL3 (4-coumarate:CoA ligase 3); 4-coumarate-CoA ligase,25.25,22.0,-3.25,0.15361623248365616,0.031169466214744968,0.5455493694648765,0.8691451131601343
266864_at,AT2G26800,"hydroxymethylglutaryl-CoA lyase, putative / 3-hydroxy-3-methylglutarate-CoA lyase, putative / HMG-CoA lyase, putative",23.5,21.0,-2.5,0.15442569254287944,0.27621404574334874,0.5710695596038533,0.5059034988022431
263249_at,AT2G31360,ADS2 (16:0DELTA9 ARABIDOPSIS DESATURASE 2); oxidoreductase,23.25,22.0,-1.25,0.15448735834020463,0.12034047004841596,0.6259513684701562,0.7684783827300725
258299_at,AT3G23410,alcohol oxidase-related,24.25,23.25,-1.0,0.1545604206327695,0.09241157189520932,0.7139321864322237,0.7883899186584754
265722_at,AT2G40100,LHCB4.3 (LIGHT HARVESTING COMPLEX PSII); chlorophyll binding,23.75,21.75,-2.0,0.1546456147714072,0.16168426818138815,0.7403447159589354,0.8788255041683736
263410_at,AT2G04039,similar to unnamed protein product [Vitis vinifera] (GB:CAO41070.1),23.25,21.5,-1.75,0.15480766869047155,0.0628243438574291,0.6952077977914828,0.7680250483431668
264898_at,AT1G23205,invertase/pectin methylesterase inhibitor family protein,22.75,21.75,-1.0,0.1593063892118582,0.11156815049955626,0.8345851049096605,0.7334927165634832
246125_at,AT5G19875,similar to unknown protein [Arabidopsis thaliana] (TAIR:AT2G31940.1); similar to hypothetical protein MtrDRAFT_AC155880g29v2 [Medicago truncatula] (GB:ABN08129.1),25.0,24.0,-1.0,0.16265204147533238,0.14868371326593122,0.5762878652524868,0.8105045682628021
246998_at,AT5G67370,similar to unknown protein [Arabidopsis thaliana] (TAIR:AT5G11840.1); similar to hypothetical protein [Vitis vinifera] (GB:CAN75014.1); contains InterPro domain Protein of unknown function DUF1230 (InterPro:IPR009631),23.75,22.25,-1.5,0.16506258310802682,0.12639436086169087,0.6367722392260917,0.7395621538050031
257451_at,AT1G05690,BT3 (BTB and TAZ domain protein 3); protein binding / transcription regulator,24.5,21.25,-3.25,0.1658041619761789,0.2067606102813892,0.6681211890470571,0.9039123378716915
247848_at,AT5G58120,"disease resistance protein (TIR-NBS-LRR class), putative",23.25,21.5,-1.75,0.16641993581773856,0.19393265602533977,0.8379484032667663,0.7953069253716163
266983_at,AT2G39400,"hydrolase, alpha/beta fold family protein",23.25,23.0,-0.25,0.1668068368316826,0.09962080638459642,0.6999315983424894,0.8305539174965788
262883_at,AT1G64780,ATAMT1;2 (AMMONIUM TRANSPORTER 1;2); ammonium transmembrane transporter,23.75,22.25,-1.5,0.17163937224165346,0.1332841481090086,0.73472238045862,0.8112911565161536
258920_at,AT3G10520,AHB2 (NON-SYMBIOTIC HAEMOGLOBIN 2),25.0,22.25,-2.75,0.1722902939958208,0.12967343828263905,0.5990371728362913,0.8484296967940201
252175_at,AT3G50700,ATIDD2 (ARABIDOPSIS THALIANA INDETERMINATE(ID)-DOMAIN 2); nucleic acid binding / transcription factor/ zinc ion binding,24.0,21.5,-2.5,0.1726911141298887,0.31586303126765636,0.6344002957693156,0.5677405565695448
255604_at,AT4G01080,"similar to unknown protein [Arabidopsis thaliana] (TAIR:AT1G01430.1); similar to unknown protein Cr17 [Brassica napus] (GB:AAX51387.1); contains InterPro domain Protein of unknown function DUF231, plant (InterPro:IPR004253)",24.5,21.25,-3.25,0.1742689805578652,0.2666737210954518,0.698564633100958,0.5857915959241773
264524_at,AT1G10070,ATBCAT-2; branched-chain-amino-acid transaminase/ catalytic,22.75,22.75,0.0,0.17437004187932073,0.26112449006992866,0.505225215011313,0.6715675917908326
249759_at,AT5G24380,YSL2 (YELLOW STRIPE LIKE 2); oligopeptide transporter,24.75,23.5,-1.25,0.1752218509745025,0.20096153217104587,0.5597620658728657,0.8019188342824166
247780_at,AT5G58770,"dehydrodolichyl diphosphate synthase, putative / DEDOL-PP synthase, putative",24.0,22.5,-1.5,0.17557662609999167,0.047494663764875475,0.6647319898222303,0.8830250363932471
265918_at,AT2G15090,"fatty acid elongase, putative",25.0,21.5,-3.5,0.17723504172413543,0.12121073809097882,0.514124708323165,0.6828288201186519
247766_at,AT5G58870,FTSH9 (FtsH protease 9); ATP-dependent peptidase/ ATPase/ metallopeptidase,23.5,20.75,-2.75,0.18097938183498885,0.2973856385351257,0.6421374053566533,0.5396565590428487
258321_at,AT3G22840,ELIP1 (EARLY LIGHT-INDUCABLE PROTEIN); chlorophyll binding,26.0,21.75,-4.25,0.18300809311114966,0.16313246302433881,0.5216082230417759,0.8477932285453305
265913_at,AT2G25625,similar to unnamed protein product [Vitis vinifera] (GB:CAO44157.1),25.75,25.5,-0.25,0.18555918734041243,0.19972745427972544,0.5238683104942392,0.6428702353457412
251272_at,AT3G61890,ATHB-12 (ARABIDOPSIS THALIANA HOMEOBOX PROTEIN 12); transcription factor,23.0,22.75,-0.25,0.18611420412404298,0.26117567945854947,0.7070072226491588,0.7161117149948707
259970_at,AT1G76570,chlorophyll A-B binding family protein,23.75,21.75,-2.0,0.18710510542336647,0.09584894524452779,0.6097615187680945,0.8677355223520132
249215_at,AT5G42800,DFR (DIHYDROFLAVONOL 4-REDUCTASE); dihydrokaempferol 4-reductase,25.0,24.25,-0.75,0.18972940422371684,0.2059199489223353,0.5115017417143095,0.6815126966593522
257710_at,AT3G27350,similar to unknown protein [Arabidopsis thaliana] (TAIR:AT5G40700.1); similar to unnamed protein product [Vitis vinifera] (GB:CAO14633.1),24.0,21.75,-2.25,0.19098612280571226,0.11539343807360922,0.7199160512476993,0.7296631550785905
251028_at,AT5G02230,haloacid dehalogenase-like hydrolase family protein,22.25,23.25,1.0,0.19198554006580704,0.2975492144746338,0.7062858573541675,0.7461867985813451
265339_at,AT2G18230,ATPPA2 (ARABIDOPSIS THALIANA PYROPHOSPHORYLASE 2); inorganic diphosphatase/ pyrophosphatase,23.75,22.25,-1.5,0.19389497823077678,0.16262309444833428,0.5169127000001914,0.8274454110052714
260774_at,AT1G78290,"serine/threonine protein kinase, putative",24.25,22.0,-2.25,0.19517587351908686,0.10318276159722892,0.7418181823295851,0.9180071078130531
247814_at,AT5G58310,"hydrolase, alpha/beta fold family protein",23.75,21.5,-2.25,0.19607295220126442,0.5239377777177289,0.6098638858107273,0.7631785922368787
260696_at,AT1G32520,similar to unnamed protein product [Vitis vinifera] (GB:CAO63428.1),24.0,21.25,-2.75,0.19859225943966258,0.05649529379893567,0.6628759633423986,0.8775651527749644
267355_at,AT2G39900,LIM domain-containing protein,24.0,21.75,-2.25,0.19963132002344194,0.15012940394583618,0.5741299521115857,0.65453857249011
263777_at,AT2G46450,ATCNGC12 (cyclic nucleotide gated channel 12); cyclic nucleotide binding / ion channel,24.25,22.5,-1.75,0.20243037395348934,0.018204260214233537,0.5958075884840605,0.7003092443230092
252863_at,AT4G39800,MI-1-P SYNTHASE (Myo-inositol-1-phosphate synthase); inositol-3-phosphate synthase,24.25,22.5,-1.75,0.20332336780106666,0.10987219045704284,0.5533924125706068,0.6678911272893006
266514_at,AT2G47890,zinc finger (B-box type) family protein,23.0,21.75,-1.25,0.20723997159787294,0.09701840643860613,0.6813307535298744,0.7701131489929559
264931_at,AT1G60590,"polygalacturonase, putative / pectinase, putative",23.25,22.25,-1.0,0.20729611548353408,0.2798410544586958,0.7527383338882397,0.6749470774884612
266899_at,AT2G34620,mitochondrial transcription termination factor-related / mTERF-related,22.25,21.75,-0.5,0.207633620390076,0.09127844174852599,0.653527951761411,0.7298211655786995
251927_at,AT3G53990,universal stress protein (USP) family protein,23.5,21.25,-2.25,0.21447629937624973,0.07115852569368722,0.5801110843002434,0.7620589139885914
262503_at,AT1G21670,"similar to unknown protein [Arabidopsis thaliana] (TAIR:AT1G21680.1); similar to hypothetical protein [Vitis vinifera] (GB:CAN73514.1); similar to unnamed protein product [Vitis vinifera] (GB:CAO61906.1); contains InterPro domain WD40-like Beta Propeller (InterPro:IPR011659); contains InterPro domain Six-bladed beta-propeller, TolB-like (InterPro:IPR011042)",23.25,21.5,-1.75,0.2171641077013001,0.12230900035632311,0.5773551647518885,0.5525344563051615
254642_at,AT4G18810,binding / catalytic/ transcription repressor,24.5,23.0,-1.5,0.2184466391921111,0.11368326853416223,0.6569921166686241,0.6846300838371868
257701_at,AT3G12710,methyladenine glycosylase family protein,23.5,22.5,-1.0,0.22055161219754846,0.12519387765155177,0.6126062209086718,0.799101409557278
254741_s_at,AT4G13920;AT4G13900,"[AT4G13920, disease resistance family protein / LRR family protein];[AT4G13900, pseudogene, similar to NL0D, contains leucine rich-repeat domains Pfam:PF00560, INTERPRO:IPR001611; similar to Cf-4A protein (Lycopersicon esculentum) gi|3097197|emb|CAA73187; blastp match of 33% identity and 2.9e-93 P-value to GP|4235641|gb|AAD13301.1||AF119040 NL0D {Lycopersicon esculentum}]",24.5,22.0,-2.5,0.22309980466089568,0.08473015014093621,0.7404856856859325,0.7358629775343715
261914_at,AT1G65870,disease resistance-responsive family protein,23.75,20.75,-3.0,0.22805495380047114,0.12078929631721932,0.8040689066930082,0.8546845863177838
250580_at,AT5G07440,GDH2 (GLUTAMATE DEHYDROGENASE 2); oxidoreductase,23.5,22.25,-1.25,0.23325169624876915,0.08300915284683134,0.5516704812978236,0.6584292052776483
257880_at,AT3G16910,AAE7/ACN1 (ACYL-ACTIVATING ENZYME 7); AMP binding / acetate-CoA ligase,23.75,22.5,-1.25,0.23393452096627762,0.43403611955082655,0.5181506448483246,0.771189192853604
253215_at,AT4G34950,nodulin family protein,23.5,21.25,-2.25,0.2355515795298876,0.3661030547141343,0.637447609045035,0.8117333919463838
245600_at,AT4G14230,CBS domain-containing protein-related,23.5,20.75,-2.75,0.23786347256534818,0.21891583962227687,0.5524485696208794,0.7743373197214354
258805_at,AT3G04010,glycosyl hydrolase family 17 protein,23.25,22.5,-0.75,0.24175897544612804,0.04965558825205641,0.5842429112238794,0.8816668671031359
249467_at,AT5G39610,ANAC092/ATNAC2/ATNAC6 (Arabidopsis NAC domain containing protein 92); protein heterodimerization/ protein homodimerization/ transcription factor,23.25,21.25,-2.0,0.24290379430682443,0.2236614596227185,0.8524021961240247,0.6833659724978076
264338_at,AT1G70300,KUP6 (K+ uptake permease 6); potassium ion transmembrane transporter,24.25,22.75,-1.5,0.2516597341971035,0.14132482237486,0.5802234993221256,0.5027724735140475
245193_at,AT1G67810,Fe-S metabolism associated domain-containing protein,22.75,21.5,-1.25,0.2520858456314948,0.36888671322217115,0.6401157714642463,0.5804729784140844
256049_at,AT1G07010,calcineurin-like phosphoesterase family protein,23.5,21.25,-2.25,0.2536689611845774,0.20493190512296042,0.5952175167200295,0.7163995399018235
255016_at,AT4G10120,"ATSPS4F; sucrose-phosphate synthase/ transferase, transferring glycosyl groups",23.75,22.75,-1.0,0.2562927538017391,0.06093304881557071,0.7518786195792699,0.9363042641045537
247463_at,AT5G62210,embryo-specific protein-related,25.25,21.5,-3.75,0.25872941569683694,0.13672618388462282,0.5007021027250758,0.9486826554575829
245965_at,AT5G19730,pectinesterase family protein,23.75,21.25,-2.5,0.2624146945283458,0.09660971327639017,0.5045849432217229,0.6574331952099578
254783_at,AT4G12830,"hydrolase, alpha/beta fold family protein",24.0,21.75,-2.25,0.26698138767220025,0.35705074122887537,0.5708756954681413,0.7982319114525959
250277_at,AT5G12940,leucine-rich repeat family protein,24.75,22.75,-2.0,0.2746698259598101,0.29198890295813384,0.6095933337431099,0.6240785613671469
248185_at,AT5G54060,"UF3GT (UDP-GLUCOSE:FLAVONOID 3-O-GLUCOSYLTRANSFERASE); transferase, transferring glycosyl groups",25.25,23.75,-1.5,0.297880150602892,0.12826129616584092,0.5080003464030769,0.7102033798432721
250028_at,AT5G18130,similar to unknown protein [Arabidopsis thaliana] (TAIR:AT3G03870.2); similar to unknown [Medicago truncatula] (GB:ABK28852.1),22.25,20.25,-2.0,0.30569332650850317,0.18704060444987358,0.5684236273285206,0.5054886721377322
250032_at,AT5G18170,GDH1 (GLUTAMATE DEHYDROGENASE 1); oxidoreductase,24.0,23.0,-1.0,0.3059445057547675,0.11436456969676513,0.5440006728224405,0.5539025479619379
250344_at,AT5G11930,glutaredoxin family protein,24.75,25.0,0.25,0.30641176946957677,0.08623116226831579,0.5554836406888661,0.6271225143019472
262281_at,AT1G68570,proton-dependent oligopeptide transport (POT) family protein,24.5,23.25,-1.25,0.3070657576551474,0.08494944841382808,0.7670960695615513,0.8818843096656693
255842_at,AT2G33530,SCPL46 (serine carboxypeptidase-like 46); serine carboxypeptidase,24.5,21.0,-3.5,0.30743259702920284,0.1294840417669914,0.5557626153816739,0.5338546539661897
262324_at,AT1G64170,ATCHX16 (CATION/H+ EXCHANGER 16); monovalent cation:proton antiporter,23.75,21.75,-2.0,0.31693161143281867,0.03396785499813206,0.7369375496796675,0.5696408811096993
267209_at,AT2G30930,similar to unknown protein [Arabidopsis thaliana] (TAIR:AT1G06540.1),23.25,22.75,-0.5,0.40152822477240346,0.3470903706522301,0.5267964056481595,0.5642343403390706
256525_at,AT1G66180,aspartyl protease family protein,26.0,23.75,-2.25,0.4686101095993896,0.22826547939832728,0.6022665578494057,0.6350996902586934
261834_at,AT1G10640,"polygalacturonase, putative / pectinase, putative",24.75,23.5,-1.25,0.48381014419526697,0.18379328113259036,0.6807465840362168,0.7696924045786432
250327_at,AT5G12050,similar to unnamed protein product [Vitis vinifera] (GB:CAO45643.1),24.5,23.75,-0.75,0.6328703472779816,0.3614439923320668,0.7346085369642434,0.6434134257767676
